name,slug,category,description,moq,badge,fabricDetails,availableColors,availableSizes,customizable,featured,image1,image2,image3,metaTitle,metaDescription
2022 Hot Selling Popular New Design Custom Logo Coverall Safety Corporate Uniform Workwear Workwear Clothing,2022-hot-selling-popular-new-design-custom-logo-coverall-safety-corporate-uniform-workwear-workwear-clothing,Corporate & Uniform Wear,Type: Work Coverall. Material: Cotton. Feature: Anti-Wrinkle. Supply Type: In-Stock Items. 7 days sample order lead time: Support.,50,,Material: Cotton,"1,2,3,4,5",,true,false,2022-hot-selling-popular-new-design-custom-logo-coverall-safety-corporate-uniform-workwear-workwear-clothing-1.jpg,2022-hot-selling-popular-new-design-custom-logo-coverall-safety-corporate-uniform-workwear-workwear-clothing-2.jpg,2022-hot-selling-popular-new-design-custom-logo-coverall-safety-corporate-uniform-workwear-workwear-clothing-3.jpg,2022 Hot Selling Popular New Design Custom Logo Coverall Saf,Type: Work Coverall. Material: Cotton. Feature: Anti-Wrinkle. Supply Type: In-Stock Items. 7 days sample order lead time: Support.
Women's Hotel Manager Uniform Regular Fit Long Sleeve Business Suit Blazer and Pants (Polyester/Viscose/Spandex),women-s-hotel-manager-uniform-regular-fit-long-sleeve-business-suit-blazer-and-pants-polyester-viscose-spandex,Corporate & Uniform Wear,"Type: Manager. Material: Polyester / Viscose / Spandex Fit Regular. Gender: Women Sleeve length Long Sleeve. Supply Type: ODM. 7 days sample order lead time: Support Printing Methods Embossed, Digital Printing, Heat-Transfer Printing Use Hotel Product.",50,,Material: Polyester / Viscose / Spandex Fit Regular,"Gray,Blue","S,M,L,Xl,2 XL,3 XL,4 XL",true,false,women-s-hotel-manager-uniform-regular-fit-long-sleeve-business-suit-blazer-and-pants-polyester-viscose-spandex-1.jpg,women-s-hotel-manager-uniform-regular-fit-long-sleeve-business-suit-blazer-and-pants-polyester-viscose-spandex-2.jpg,women-s-hotel-manager-uniform-regular-fit-long-sleeve-business-suit-blazer-and-pants-polyester-viscose-spandex-3.jpg,Women's Hotel Manager Uniform Regular Fit Long Sleeve Busine,Type: Manager. Material: Polyester / Viscose / Spandex Fit Regular. Gender: Women Sleeve length Long Sleeve. Supply Type: ODM. 7 days sample order lead tim
Corporate Designs Flight Attendant Uniforms Security Guard Uniform,corporate-designs-flight-attendant-uniforms-security-guard-uniform,Corporate & Uniform Wear,"Gender: Unisex. Age Group: Adults. Material: Cotton, Polyester Printing Methods Heat-Transfer Printing, Embroidery. Supply Type: Oem Service. 7 days sample order lead time: Support.",50,,"Material: Cotton, Polyester Printing Methods Heat-Transfer Printing, Embroidery",,,true,false,corporate-designs-flight-attendant-uniforms-security-guard-uniform-1.jpg,corporate-designs-flight-attendant-uniforms-security-guard-uniform-2.jpg,corporate-designs-flight-attendant-uniforms-security-guard-uniform-3.jpg,Corporate Designs Flight Attendant Uniforms Security Guard U,"Gender: Unisex. Age Group: Adults. Material: Cotton, Polyester Printing Methods Heat-Transfer Printing, Embroidery. Supply Type: Oem Service. 7 days sample"
New Style Navy Blue +red Uniforms Winter Unisex Work Wear Office Industrial Overall Safety Cloth,new-style-navy-blue-red-uniforms-winter-unisex-work-wear-office-industrial-overall-safety-cloth,Corporate & Uniform Wear,Gender: Unisex. Age Group: Adults. Material: Cotton blend Printing Methods Embossed. Supply Type: Oem Service. 7 days sample order lead time: Support.,50,,Material: Cotton blend Printing Methods Embossed | Material: Cotton canvas Logo Customized Logo Printing Key words winter warm work vest Function/,"Navy blue + red,Navy blue+yellow,Navy blue+green",,true,false,new-style-navy-blue-red-uniforms-winter-unisex-work-wear-office-industrial-overall-safety-cloth-1.jpg,new-style-navy-blue-red-uniforms-winter-unisex-work-wear-office-industrial-overall-safety-cloth-2.jpg,new-style-navy-blue-red-uniforms-winter-unisex-work-wear-office-industrial-overall-safety-cloth-3.jpg,New Style Navy Blue +red Uniforms Winter Unisex Work Wear Of,Gender: Unisex. Age Group: Adults. Material: Cotton blend Printing Methods Embossed. Supply Type: Oem Service. 7 days sample order lead time: Support.
High Quality Professional Work Wear Manufacture Hotel Manager Uniform for Receptionist,high-quality-professional-work-wear-manufacture-hotel-manager-uniform-for-receptionist,Corporate & Uniform Wear,"Type: Level D (Basic Protective Suits) Function Water Proof. Place of Origin: Henan, China Product Name OEM Restaurant Waiter Work Uniform Color Gray Fabric 65% chemical fiber /35% artificial linen Keywords hotel uniform for housekeeping Application housekeeping, hotel, bar,leisure wear. Material: Polyster MOQ 10PCS. Place of Origin: HeNan Custom Order Customer's Logo Service Keyword Work Clothing. Packaging and delivery: Selling Units Single item Single package size 60X33X40",50,,Material: Polyster MOQ 10PCS,Black,2 XL,true,false,high-quality-professional-work-wear-manufacture-hotel-manager-uniform-for-receptionist-1.jpg,high-quality-professional-work-wear-manufacture-hotel-manager-uniform-for-receptionist-2.jpg,high-quality-professional-work-wear-manufacture-hotel-manager-uniform-for-receptionist-3.jpg,High Quality Professional Work Wear Manufacture Hotel Manage,"Type: Level D (Basic Protective Suits) Function Water Proof. Place of Origin: Henan, China Product Name OEM Restaurant Waiter Work Uniform Color Gray Fabri"
Promotion Hotel Staff Uniform Sets Cleaner Housekeeping Breathable Workwear Uniforms With Logo,promotion-hotel-staff-uniform-sets-cleaner-housekeeping-breathable-workwear-uniforms-with-logo,Corporate & Uniform Wear,"Material: 100% Cotton Printing Silk Screen Printing, Embroidered, Hot-fix. Age Group: Adults. Season: Winter, Summer, Spring, Autumn. Feature: Breathable, Anti-shrink, Plus Size. Place of Origin: Yunnan, China.",50,,"Material: 100% Cotton Printing Silk Screen Printing, Embroidered, Hot-fix | Material: Cotton Custom Service Yes Color Multi Color Features Sports Packing Opp Bag Logo Yes Sample Free if available Lead time 15-25 days Printing Silk printing","Gray,Blue,Beige,Gray 1,Blue 1,Beige 1","Xs,S,M,L,Xl,Xxl,Xxxl",true,false,promotion-hotel-staff-uniform-sets-cleaner-housekeeping-breathable-workwear-uniforms-with-logo-1.jpg,promotion-hotel-staff-uniform-sets-cleaner-housekeeping-breathable-workwear-uniforms-with-logo-2.jpg,promotion-hotel-staff-uniform-sets-cleaner-housekeeping-breathable-workwear-uniforms-with-logo-3.jpg,Promotion Hotel Staff Uniform Sets Cleaner Housekeeping Brea,"Material: 100% Cotton Printing Silk Screen Printing, Embroidered, Hot-fix. Age Group: Adults. Season: Winter, Summer, Spring, Autumn. Feature: Breathable, "
New Arrival Bar KTV Summer Men's Women's Restaurant Bar Uniforms Same Style Hotel Front Desk Catering Waiter Work Clothes,new-arrival-bar-ktv-summer-men-s-women-s-restaurant-bar-uniforms-same-style-hotel-front-desk-catering-waiter-work-clothes,Corporate & Uniform Wear,Type: Bartender Item. Type: Kits. Material: Lycra. Fabric Type: Woven. Gender: Unisex Printing Methods Embossed.,50,,Material: Lycra | Fabric Type: Woven,Black,"S,M,L,Xl",true,false,new-arrival-bar-ktv-summer-men-s-women-s-restaurant-bar-uniforms-same-style-hotel-front-desk-catering-waiter-work-clothes-1.jpg,new-arrival-bar-ktv-summer-men-s-women-s-restaurant-bar-uniforms-same-style-hotel-front-desk-catering-waiter-work-clothes-2.jpg,new-arrival-bar-ktv-summer-men-s-women-s-restaurant-bar-uniforms-same-style-hotel-front-desk-catering-waiter-work-clothes-3.jpg,New Arrival Bar KTV Summer Men's Women's Restaurant Bar Unif,Type: Bartender Item. Type: Kits. Material: Lycra. Fabric Type: Woven. Gender: Unisex Printing Methods Embossed.
OEM Custom Logo Company Staff Industrial Reflective Cotton Polyester Work Uniforms Vest Polo Tshirt Work Coats Jacket and Pants,oem-custom-logo-company-staff-industrial-reflective-cotton-polyester-work-uniforms-vest-polo-tshirt-work-coats-jacket-and-pants,Corporate & Uniform Wear,Type: Hi Visibility Workwear. Material: Cotton Certification None. Feature: Anti-static. Supply Type: Oem Service. 7 days sample order lead time: Support.,50,,Material: Cotton Certification None,"Black,Grey,Burgundy,Navy,Dark green,Green",,true,false,oem-custom-logo-company-staff-industrial-reflective-cotton-polyester-work-uniforms-vest-polo-tshirt-work-coats-jacket-and-pants-1.jpg,oem-custom-logo-company-staff-industrial-reflective-cotton-polyester-work-uniforms-vest-polo-tshirt-work-coats-jacket-and-pants-2.jpg,oem-custom-logo-company-staff-industrial-reflective-cotton-polyester-work-uniforms-vest-polo-tshirt-work-coats-jacket-and-pants-3.jpg,OEM Custom Logo Company Staff Industrial Reflective Cotton P,Type: Hi Visibility Workwear. Material: Cotton Certification None. Feature: Anti-static. Supply Type: Oem Service. 7 days sample order lead time: Support.
Custom Branded Workwear Personalised Staff Mechanic Cargo Uniforms Wholesale Flame Retardant Pants Work Women,custom-branded-workwear-personalised-staff-mechanic-cargo-uniforms-wholesale-flame-retardant-pants-work-women,Corporate & Uniform Wear,Type: Hi Visibility Workwear. Material: Rayon Certification CE. Feature: Waterproof. Supply Type: Oem Service. 7 days sample order lead time: Not Support.,50,,Material: Rayon Certification CE,custom,,true,false,custom-branded-workwear-personalised-staff-mechanic-cargo-uniforms-wholesale-flame-retardant-pants-work-women-1.jpg,custom-branded-workwear-personalised-staff-mechanic-cargo-uniforms-wholesale-flame-retardant-pants-work-women-2.jpg,custom-branded-workwear-personalised-staff-mechanic-cargo-uniforms-wholesale-flame-retardant-pants-work-women-3.jpg,Custom Branded Workwear Personalised Staff Mechanic Cargo Un,Type: Hi Visibility Workwear. Material: Rayon Certification CE. Feature: Waterproof. Supply Type: Oem Service. 7 days sample order lead time: Not Support.
Branded OEM Safety Industrial Work Clothing Workwear Men 2024 Safety Jacket Male Lightweight Safety Jacket for Boys Custom logo,branded-oem-safety-industrial-work-clothing-workwear-men-2024-safety-jacket-male-lightweight-safety-jacket-for-boys-custom-logo,Corporate & Uniform Wear,"Gender: Unisex. Age Group: Adults. Material: Cotton, Polyester Printing Methods custom printing. Supply Type: Oem Service. 7 days sample order lead time: Support.",50,,"Material: Cotton, Polyester Printing Methods custom printing",,,true,false,branded-oem-safety-industrial-work-clothing-workwear-men-2024-safety-jacket-male-lightweight-safety-jacket-for-boys-custom-logo-1.jpg,branded-oem-safety-industrial-work-clothing-workwear-men-2024-safety-jacket-male-lightweight-safety-jacket-for-boys-custom-logo-2.jpg,branded-oem-safety-industrial-work-clothing-workwear-men-2024-safety-jacket-male-lightweight-safety-jacket-for-boys-custom-logo-3.jpg,Branded OEM Safety Industrial Work Clothing Workwear Men 202,"Gender: Unisex. Age Group: Adults. Material: Cotton, Polyester Printing Methods custom printing. Supply Type: Oem Service. 7 days sample order lead time: S"
